{"cameraMode":{"drawMode":0,"name":"Shaded","section":"Shading Mode"},"sceneLighting":true,"audioPlay":false,"sceneViewState":{"m_AlwaysRefresh":false,"showFog":true,"showSkybox":true,"showFlares":true,"showImageEffects":true,"showParticleSystems":true,"showVisualEffectGraphs":true,"m_FxEnabled":true},"in2DMode":false,"pivot":{"x":-28.059999465942384,"y":7.4599995613098148,"z":44.83610534667969},"rotation":{"x":0.22786572575569154,"y":0.09476107358932495,"z":-0.022288283333182336,"w":0.9688240885734558},"size":38.36100769042969,"orthographic":true}